{"prior_std": 10, "regressor_vars": ["constant", "stops/km", "gradient (%)", "temp", "speed (km/h)", "average_passengers", "start SOC (%)", "soc > 97", "temp_square"], "params": [[1.9399703332114395], [0.04599674750196217], [0.20888542222466452], [-0.07149327083807587], [-0.015665336859369074], [0.0032072377010912254], [-0.003188143189466475], [0.42795318038489755], [0.0020015815956732643]], "post_var": [[0.001731953007262556, -0.00010973661747873281, 1.9163009367801473e-05, -7.935335950569078e-05, -1.2816105894204964e-05, -7.039356320111947e-06, -5.471014824358832e-06, 8.451766730468202e-05, 2.2470040766614766e-06], [-0.00010973661747872803, 2.8501550299234827e-05, -6.423307834701976e-06, -9.405590019434288e-07, 1.497988721103968e-06, 8.880133365395375e-07, -5.4989447508232845e-09, -2.0952572674750264e-06, 3.447305091542947e-08], [1.9163009367798776e-05, -6.423307834701964e-06, 3.6692783334178495e-05, 6.44141199360468e-07, -2.3189162267765283e-07, -6.618604211059407e-07, 3.3244120176274665e-08, -8.687431647797356e-06, -1.9601360480136557e-08], [-7.93533595056904e-05, -9.405590019428842e-07, 6.441411993601386e-07, 1.1203536922386617e-05, -1.0278224304770582e-07, -8.502499739284399e-08, -1.5619655391868156e-08, -1.5838203625568858e-06, -3.367268073639364e-07], [-1.2816105894204267e-05, 1.4979887211039652e-06, -2.3189162267765074e-07, -1.0278224304775391e-07, 4.7246488358677155e-07, 1.5478980285524583e-07, -6.07369130221925e-09, -5.435268234471382e-07, 3.999525923616495e-09], [-7.039356320111494e-06, 8.880133365395356e-07, -6.618604211059365e-07, -8.502499739288832e-08, 1.547898028552461e-07, 2.8477509746175804e-07, 5.84522868889078e-10, 1.1082654851186398e-08, 3.771305025725956e-09], [-5.4710148243592176e-06, -5.4989447508045505e-09, 3.324412017627176e-08, -1.5619655391834496e-08, -6.073691302215847e-09, 5.845228688902831e-10, 6.471139063875835e-08, -7.254451536553496e-07, 6.569846303534842e-10], [8.451766730468618e-05, -2.0952572674753703e-06, -8.687431647797236e-06, -1.5838203625572602e-06, -5.43526823447186e-07, 1.1082654851166143e-08, -7.254451536553414e-07, 5.072273200753944e-05, 5.00211251489857e-08], [2.247004076661507e-06, 3.4473050915397416e-08, -1.960136048012086e-08, -3.3672680736393595e-07, 3.9995259236150954e-09, 3.7713050257246395e-09, 6.569846303544797e-10, 5.002112514897444e-08, 1.035823040042737e-08]]}