{"prior_std": 10, "meas_std": 0.27, "regressor_vars": ["constant", "stops/km", "gradient (%)", "temp", "speed (km/h)", "average_passengers", "start SOC (%)", "soc > 97", "temp_square"], "params": [[1.8763845385084312], [0.06607373834044294], [0.13612742660095506], [-0.06865173557331718], [-0.017052248406649075], [0.002275546282524197], [-0.0029529405353589276], [0.4903287911400068], [0.0019345019627853327]], "post_var": [[0.0027595323847143167, -0.0001411244513987243, 1.1578296682779159e-05, -0.0001317315610010018, -1.848122027635454e-05, -1.2358169513829584e-05, -9.098053460662118e-06, 0.00015978320545520709, 3.6261681158486463e-06], [-0.0001411244513987083, 3.483314549960051e-05, -4.898051837639315e-06, -7.47235074632829e-07, 1.7415437860873236e-06, 1.5321426446185657e-06, -2.5805601098685868e-08, -7.406138971094283e-06, 3.2325917628016906e-08], [1.1578296682776767e-05, -4.898051837639289e-06, 3.1584441339530095e-05, 5.373795449674352e-07, 3.305793922028884e-08, -8.047449862333327e-07, 2.460796824265784e-08, -8.963045256704194e-06, -1.5077731393939415e-08], [-0.00013173156100102025, -7.472350746310329e-07, 5.373795449676349e-07, 1.8362506473282508e-05, 3.0678585744796484e-08, -1.2010986062143052e-07, -1.1415856670945484e-07, -1.8721650703354293e-06, -5.432169414900814e-07], [-1.8481220276351753e-05, 1.741543786087331e-06, 3.3057939220280666e-08, 3.067858574449268e-08, 6.610552435871665e-07, 2.3232648705702155e-07, -8.19844651377119e-09, -1.2450807263226955e-06, 1.2997656797351805e-09], [-1.2358169513827684e-05, 1.5321426446185573e-06, -8.047449862333367e-07, -1.2010986062161898e-07, 2.3232648705701962e-07, 5.427360329528341e-07, 6.950946082137139e-09, -4.7437996643262446e-08, 5.588878642463374e-09], [-9.098053460661945e-06, -2.580560109864818e-08, 2.460796824265169e-08, -1.1415856670950979e-07, -8.198446513766077e-09, 6.950946082141226e-09, 1.1605912716326472e-07, -1.3046308353757452e-06, 3.5538219145244613e-09], [0.00015978320545520267, -7.406138971095002e-06, -8.963045256704094e-06, -1.8721650703342108e-06, -1.2450807263228071e-06, -4.743799664334599e-08, -1.3046308353757435e-06, 8.66475445823694e-05, 6.205439640422043e-08], [3.6261681158492684e-06, 3.2325917627953214e-08, -1.5077731393939712e-08, -5.43216941490086e-07, 1.2997656797261548e-09, 5.588878642457802e-09, 3.5538219145227577e-09, 6.205439640425836e-08, 1.655395820291751e-08]]}