{"prior_std": 10, "regressor_vars": ["constant", "stops/km", "gradient (%)", "temp", "speed (km/h)", "average_passengers", "start SOC (%)", "soc > 97", "temp_square"], "params": [[1.9398749456174083], [0.045989021687731134], [0.20889617678394462], [-0.07147944597854171], [-0.015667475308290588], [0.003204744475718754], [-0.00318736463196119], [0.42793398634267676], [0.0020012238810598252]], "post_var": [[0.0017321063146923965, -0.0001097396768273977, 1.9173037663381817e-05, -7.938173671141803e-05, -1.281787255962181e-05, -7.041556354595132e-06, -5.469949823979932e-06, 8.450220786067382e-05, 2.248009094624305e-06], [-0.00010973967682740459, 2.8501356807463587e-05, -6.4229436636876e-06, -9.402807676136219e-07, 1.4979269016224912e-06, 8.87923396045061e-07, -5.464750733352694e-09, -2.095889633508896e-06, 3.4467679332351987e-08], [1.9173037663385707e-05, -6.4229436636876405e-06, 3.669254244001669e-05, 6.423236725870856e-07, -2.3183055364707618e-07, -6.617876039958415e-07, 3.3238999740478294e-08, -8.68689642168502e-06, -1.9542447325415104e-08], [-7.938173671140597e-05, -9.402807676149518e-07, 6.423236725876115e-07, 1.120947672270264e-05, -1.0250013745559037e-07, -8.463156169223635e-08, -1.5836226188555678e-08, -1.5811083969022544e-06, -3.3693951745887835e-07], [-1.281787255962265e-05, 1.497926901622508e-06, -2.3183055364706978e-07, -1.0250013745542956e-07, 4.724523721979556e-07, 1.5477310191139583e-07, -6.0701437680680294e-09, -5.436485524670563e-07, 3.990778391052504e-09], [-7.041556354595478e-06, 8.879233960450617e-07, -6.617876039958366e-07, -8.4631561692161e-08, 1.5477310191139578e-07, 2.8475283091522244e-07, 5.879750608044363e-10, 1.0930554241268572e-08, 3.758593694233957e-09], [-5.469949823980537e-06, -5.4647507333185245e-09, 3.3238999740472464e-08, -1.5836226188504317e-08, -6.070143768063136e-09, 5.879750608069913e-10, 6.471311962888903e-08, -7.254205996203307e-07, 6.64323616571491e-10], [8.450220786067919e-05, -2.095889633509061e-06, -8.686896421685038e-06, -1.5811083969029352e-06, -5.43648552467085e-07, 1.0930554241253091e-08, -7.254205996203197e-07, 5.072163390647873e-05, 4.993473797282704e-08], [2.2480090946239656e-06, 3.446767933238202e-08, -1.9542447325434734e-08, -3.3693951745887745e-07, 3.990778391057356e-09, 3.75859369423623e-09, 6.643236165730042e-10, 4.9934737972806774e-08, 1.0365814811877808e-08]]}